{
    "info": {
        "name": "EventScheduler",
        "schema": "https://schema.getpostman.com/json/collection/v2.1.0/collection.json"
    },
    "item": [
        {
            "name": "Create Event (POST)",
            "request": {
                "method": "POST",
                "header": [
                    {
                        "key": "Content-Type",
                        "value": "application/json"
                    }
                ],
                "body": {
                    "mode": "raw",
                    "raw": "{\n    \"title\": \"Test Event\",\n    \"description\": \"Testing via imported collection\",\n    \"start_time\": \"2025-06-28T15:00:00\",\n    \"end_time\": \"2025-06-28T16:00:00\"\n}"
                },
                "url": {
                    "raw": "http://127.0.0.1:5000/events",
                    "protocol": "http",
                    "host": [
                        "127",
                        "0",
                        "0",
                        "1"
                    ],
                    "port": "5000",
                    "path": [
                        "events"
                    ]
                }
            }
        },
        {
            "name": "Get All Events (GET)",
            "request": {
                "method": "GET",
                "header": [],
                "url": {
                    "raw": "http://127.0.0.1:5000/events",
                    "protocol": "http",
                    "host": [
                        "127",
                        "0",
                        "0",
                        "1"
                    ],
                    "port": "5000",
                    "path": [
                        "events"
                    ]
                }
            }
        },
        {
            "name": "Delete Event (DELETE)",
            "request": {
                "method": "DELETE",
                "header": [],
                "url": {
                    "raw": "http://127.0.0.1:5000/events/{{event_id}}",
                    "protocol": "http",
                    "host": [
                        "127",
                        "0",
                        "0",
                        "1"
                    ],
                    "port": "5000",
                    "path": [
                        "events",
                        "{{event_id}}"
                    ]
                }
            }
        },
        {
            "name": "Update Event (PUT)",
            "request": {
                "method": "PUT",
                "header": [
                    {
                        "key": "Content-Type",
                        "value": "application/json"
                    }
                ],
                "body": {
                    "mode": "raw",
                    "raw": "{\n    \"title\": \"Updated Title\",\n    \"description\": \"Updated description\",\n    \"start_time\": \"2025-06-28T17:00:00\",\n    \"end_time\": \"2025-06-28T18:00:00\"\n}"
                },
                "url": {
                    "raw": "http://127.0.0.1:5000/events/{{event_id}}",
                    "protocol": "http",
                    "host": [
                        "127",
                        "0",
                        "0",
                        "1"
                    ],
                    "port": "5000",
                    "path": [
                        "events",
                        "{{event_id}}"
                    ]
                }
            }
        }
    ]
}